prompt,label
"A serene Persian cat, sitting on a Victorian armchair in a sunlit room, rendered in cyberpunk with intricate detail and soft lighting",0
"A energetic Golden Retriever dog, splashing through a shallow river in a dense jungle, rendered in watercolor with realistic textures and dynamic composition",1
"A majestic Sphynx cat, perched on a bookshelf surrounded by old leather-bound books, rendered in cyberpunk with intricate detail and soft lighting",0
"A adventurous Bulldog dog, splashing through a shallow river in a dense jungle, rendered in watercolor with realistic textures and dynamic composition",1
"A playful Siamese cat, perched on a bookshelf surrounded by old leather-bound books, rendered in watercolor with intricate detail and soft lighting",0
"A adventurous Siberian Husky dog, running through a field of tall golden grass during sunset, rendered in cyberpunk with realistic textures and dynamic composition",1
"A sleepy British Shorthair cat, perched on a bookshelf surrounded by old leather-bound books, rendered in cyberpunk with intricate detail and soft lighting",0
"A loyal Golden Retriever dog, splashing through a shallow river in a dense jungle, rendered in oil painting with realistic textures and dynamic composition",1
"A mysterious Bengal cat, perched on a bookshelf surrounded by old leather-bound books, rendered in oil painting with intricate detail and soft lighting",0
"A alert Golden Retriever dog, sitting obediently by a lakeside campfire under starry skies, rendered in photo-realistic with realistic textures and dynamic composition",1
"A mysterious Siamese cat, curled up in a hammock hanging between two cherry blossom trees, rendered in cyberpunk with intricate detail and soft lighting",0
"A friendly Bulldog dog, standing proudly on a snow-covered mountain peak, rendered in cyberpunk with realistic textures and dynamic composition",1
"A elegant Persian cat, perched on a bookshelf surrounded by old leather-bound books, rendered in oil painting with intricate detail and soft lighting",0
"A alert Siberian Husky dog, splashing through a shallow river in a dense jungle, rendered in anime style with realistic textures and dynamic composition",1
"A sleepy Bengal cat, walking gracefully along a garden path filled with lavender, rendered in watercolor with intricate detail and soft lighting",0
"A energetic Doberman dog, sitting obediently by a lakeside campfire under starry skies, rendered in cyberpunk with realistic textures and dynamic composition",1
"A mysterious Bengal cat, sitting on a Victorian armchair in a sunlit room, rendered in digital painting with intricate detail and soft lighting",0
"A loyal Doberman dog, splashing through a shallow river in a dense jungle, rendered in anime style with realistic textures and dynamic composition",1
"A majestic British Shorthair cat, curled up in a hammock hanging between two cherry blossom trees, rendered in photo-realistic with intricate detail and soft lighting",0
"A friendly Siberian Husky dog, splashing through a shallow river in a dense jungle, rendered in watercolor with realistic textures and dynamic composition",1
"A elegant Siamese cat, perched on a bookshelf surrounded by old leather-bound books, rendered in anime style with intricate detail and soft lighting",0
"A energetic Golden Retriever dog, sitting obediently by a lakeside campfire under starry skies, rendered in watercolor with realistic textures and dynamic composition",1
"A elegant Bengal cat, curled up in a hammock hanging between two cherry blossom trees, rendered in digital painting with intricate detail and soft lighting",0
"A protective Bulldog dog, resting beside a cozy log cabin surrounded by autumn leaves, rendered in anime style with realistic textures and dynamic composition",1
"A serene Siamese cat, walking gracefully along a garden path filled with lavender, rendered in cyberpunk with intricate detail and soft lighting",0
"A adventurous Siberian Husky dog, sitting obediently by a lakeside campfire under starry skies, rendered in digital painting with realistic textures and dynamic composition",1
"A playful Persian cat, walking gracefully along a garden path filled with lavender, rendered in digital painting with intricate detail and soft lighting",0
"A protective Bulldog dog, playing with children in a suburban backyard on a sunny day, rendered in oil painting with realistic textures and dynamic composition",1
"A mysterious Sphynx cat, hunting in a misty forest at dawn, rendered in watercolor with intricate detail and soft lighting",0
"A friendly Golden Retriever dog, standing proudly on a snow-covered mountain peak, rendered in digital painting with realistic textures and dynamic composition",1
"A elegant Persian cat, perched on a bookshelf surrounded by old leather-bound books, rendered in oil painting with intricate detail and soft lighting",0
"A protective Bulldog dog, resting beside a cozy log cabin surrounded by autumn leaves, rendered in watercolor with realistic textures and dynamic composition",1
"A serene Maine Coon cat, lounging on a plush velvet cushion in front of a roaring fireplace, rendered in anime style with intricate detail and soft lighting",0
"A energetic Bulldog dog, splashing through a shallow river in a dense jungle, rendered in anime style with realistic textures and dynamic composition",1
"A mysterious Siamese cat, walking gracefully along a garden path filled with lavender, rendered in anime style with intricate detail and soft lighting",0
"A friendly Siberian Husky dog, running through a field of tall golden grass during sunset, rendered in digital painting with realistic textures and dynamic composition",1
"A majestic Maine Coon cat, hunting in a misty forest at dawn, rendered in digital painting with intricate detail and soft lighting",0
"A adventurous Golden Retriever dog, sitting obediently by a lakeside campfire under starry skies, rendered in watercolor with realistic textures and dynamic composition",1
"A sleepy Siamese cat, curled up in a hammock hanging between two cherry blossom trees, rendered in photo-realistic with intricate detail and soft lighting",0
"A alert Siberian Husky dog, running through a field of tall golden grass during sunset, rendered in digital painting with realistic textures and dynamic composition",1
"A majestic Bengal cat, curled up in a hammock hanging between two cherry blossom trees, rendered in cyberpunk with intricate detail and soft lighting",0
"A adventurous Golden Retriever dog, splashing through a shallow river in a dense jungle, rendered in watercolor with realistic textures and dynamic composition",1
"A majestic Bengal cat, curled up in a hammock hanging between two cherry blossom trees, rendered in oil painting with intricate detail and soft lighting",0
"A friendly Golden Retriever dog, standing proudly on a snow-covered mountain peak, rendered in oil painting with realistic textures and dynamic composition",1
"A mysterious Persian cat, walking gracefully along a garden path filled with lavender, rendered in digital painting with intricate detail and soft lighting",0
"A protective Bulldog dog, splashing through a shallow river in a dense jungle, rendered in photo-realistic with realistic textures and dynamic composition",1
"A majestic British Shorthair cat, lounging on a plush velvet cushion in front of a roaring fireplace, rendered in oil painting with intricate detail and soft lighting",0
"A alert German Shepherd dog, running through a field of tall golden grass during sunset, rendered in cyberpunk with realistic textures and dynamic composition",1
"A mysterious Persian cat, hunting in a misty forest at dawn, rendered in anime style with intricate detail and soft lighting",0
"A adventurous Bulldog dog, running through a field of tall golden grass during sunset, rendered in oil painting with realistic textures and dynamic composition",1
"A mysterious Siamese cat, perched on a bookshelf surrounded by old leather-bound books, rendered in photo-realistic with intricate detail and soft lighting",0
"A friendly Poodle dog, resting beside a cozy log cabin surrounded by autumn leaves, rendered in digital painting with realistic textures and dynamic composition",1
"A playful British Shorthair cat, hunting in a misty forest at dawn, rendered in digital painting with intricate detail and soft lighting",0
"A friendly Doberman dog, running through a field of tall golden grass during sunset, rendered in oil painting with realistic textures and dynamic composition",1
"A majestic British Shorthair cat, perched on a bookshelf surrounded by old leather-bound books, rendered in anime style with intricate detail and soft lighting",0
"A adventurous Siberian Husky dog, running through a field of tall golden grass during sunset, rendered in anime style with realistic textures and dynamic composition",1
"A majestic Persian cat, sitting on a Victorian armchair in a sunlit room, rendered in watercolor with intricate detail and soft lighting",0
"A energetic Golden Retriever dog, resting beside a cozy log cabin surrounded by autumn leaves, rendered in photo-realistic with realistic textures and dynamic composition",1
"A majestic Sphynx cat, sitting on a Victorian armchair in a sunlit room, rendered in oil painting with intricate detail and soft lighting",0
"A adventurous German Shepherd dog, splashing through a shallow river in a dense jungle, rendered in oil painting with realistic textures and dynamic composition",1
"A serene British Shorthair cat, curled up in a hammock hanging between two cherry blossom trees, rendered in anime style with intricate detail and soft lighting",0
"A protective Doberman dog, standing proudly on a snow-covered mountain peak, rendered in oil painting with realistic textures and dynamic composition",1
"A mysterious Bengal cat, walking gracefully along a garden path filled with lavender, rendered in cyberpunk with intricate detail and soft lighting",0
"A loyal Siberian Husky dog, splashing through a shallow river in a dense jungle, rendered in watercolor with realistic textures and dynamic composition",1
"A playful Maine Coon cat, perched on a bookshelf surrounded by old leather-bound books, rendered in oil painting with intricate detail and soft lighting",0
"A protective Bulldog dog, running through a field of tall golden grass during sunset, rendered in digital painting with realistic textures and dynamic composition",1
"A sleepy Sphynx cat, lounging on a plush velvet cushion in front of a roaring fireplace, rendered in watercolor with intricate detail and soft lighting",0
"A protective Siberian Husky dog, running through a field of tall golden grass during sunset, rendered in watercolor with realistic textures and dynamic composition",1
"A majestic Bengal cat, sitting on a Victorian armchair in a sunlit room, rendered in digital painting with intricate detail and soft lighting",0
"A protective Doberman dog, resting beside a cozy log cabin surrounded by autumn leaves, rendered in cyberpunk with realistic textures and dynamic composition",1
"A elegant Persian cat, curled up in a hammock hanging between two cherry blossom trees, rendered in photo-realistic with intricate detail and soft lighting",0
"A adventurous Doberman dog, playing with children in a suburban backyard on a sunny day, rendered in digital painting with realistic textures and dynamic composition",1
"A elegant Siamese cat, curled up in a hammock hanging between two cherry blossom trees, rendered in anime style with intricate detail and soft lighting",0
"A friendly German Shepherd dog, standing proudly on a snow-covered mountain peak, rendered in oil painting with realistic textures and dynamic composition",1
"A sleepy Bengal cat, perched on a bookshelf surrounded by old leather-bound books, rendered in photo-realistic with intricate detail and soft lighting",0
"A protective Doberman dog, resting beside a cozy log cabin surrounded by autumn leaves, rendered in watercolor with realistic textures and dynamic composition",1
"A playful Sphynx cat, curled up in a hammock hanging between two cherry blossom trees, rendered in anime style with intricate detail and soft lighting",0
"A adventurous German Shepherd dog, splashing through a shallow river in a dense jungle, rendered in cyberpunk with realistic textures and dynamic composition",1
"A serene Maine Coon cat, walking gracefully along a garden path filled with lavender, rendered in oil painting with intricate detail and soft lighting",0
"A alert Bulldog dog, playing with children in a suburban backyard on a sunny day, rendered in cyberpunk with realistic textures and dynamic composition",1
"A serene British Shorthair cat, lounging on a plush velvet cushion in front of a roaring fireplace, rendered in cyberpunk with intricate detail and soft lighting",0
"A alert Doberman dog, standing proudly on a snow-covered mountain peak, rendered in photo-realistic with realistic textures and dynamic composition",1
"A playful Bengal cat, perched on a bookshelf surrounded by old leather-bound books, rendered in watercolor with intricate detail and soft lighting",0
"A loyal Siberian Husky dog, running through a field of tall golden grass during sunset, rendered in watercolor with realistic textures and dynamic composition",1
"A majestic Siamese cat, lounging on a plush velvet cushion in front of a roaring fireplace, rendered in watercolor with intricate detail and soft lighting",0
"A adventurous Golden Retriever dog, sitting obediently by a lakeside campfire under starry skies, rendered in photo-realistic with realistic textures and dynamic composition",1
"A serene Bengal cat, hunting in a misty forest at dawn, rendered in anime style with intricate detail and soft lighting",0
"A alert Bulldog dog, standing proudly on a snow-covered mountain peak, rendered in watercolor with realistic textures and dynamic composition",1
"A sleepy Maine Coon cat, curled up in a hammock hanging between two cherry blossom trees, rendered in digital painting with intricate detail and soft lighting",0
"A friendly Bulldog dog, standing proudly on a snow-covered mountain peak, rendered in cyberpunk with realistic textures and dynamic composition",1
"A elegant Maine Coon cat, curled up in a hammock hanging between two cherry blossom trees, rendered in oil painting with intricate detail and soft lighting",0
"A adventurous Poodle dog, splashing through a shallow river in a dense jungle, rendered in photo-realistic with realistic textures and dynamic composition",1
"A playful Siamese cat, perched on a bookshelf surrounded by old leather-bound books, rendered in watercolor with intricate detail and soft lighting",0
"A alert Bulldog dog, standing proudly on a snow-covered mountain peak, rendered in watercolor with realistic textures and dynamic composition",1
"A serene Siamese cat, curled up in a hammock hanging between two cherry blossom trees, rendered in digital painting with intricate detail and soft lighting",0
"A loyal Doberman dog, splashing through a shallow river in a dense jungle, rendered in watercolor with realistic textures and dynamic composition",1
"A majestic Bengal cat, hunting in a misty forest at dawn, rendered in cyberpunk with intricate detail and soft lighting",0
"A alert Poodle dog, resting beside a cozy log cabin surrounded by autumn leaves, rendered in watercolor with realistic textures and dynamic composition",1
"A elegant British Shorthair cat, perched on a bookshelf surrounded by old leather-bound books, rendered in cyberpunk with intricate detail and soft lighting",0
"A adventurous Golden Retriever dog, playing with children in a suburban backyard on a sunny day, rendered in watercolor with realistic textures and dynamic composition",1
"A mysterious Sphynx cat, sitting on a Victorian armchair in a sunlit room, rendered in photo-realistic with intricate detail and soft lighting",0
"A friendly Siberian Husky dog, resting beside a cozy log cabin surrounded by autumn leaves, rendered in digital painting with realistic textures and dynamic composition",1
"A elegant Persian cat, curled up in a hammock hanging between two cherry blossom trees, rendered in oil painting with intricate detail and soft lighting",0
"A adventurous Siberian Husky dog, running through a field of tall golden grass during sunset, rendered in digital painting with realistic textures and dynamic composition",1
"A majestic Sphynx cat, lounging on a plush velvet cushion in front of a roaring fireplace, rendered in anime style with intricate detail and soft lighting",0
"A protective Poodle dog, standing proudly on a snow-covered mountain peak, rendered in oil painting with realistic textures and dynamic composition",1
"A serene Maine Coon cat, curled up in a hammock hanging between two cherry blossom trees, rendered in watercolor with intricate detail and soft lighting",0
"A protective German Shepherd dog, playing with children in a suburban backyard on a sunny day, rendered in digital painting with realistic textures and dynamic composition",1
"A majestic Siamese cat, hunting in a misty forest at dawn, rendered in cyberpunk with intricate detail and soft lighting",0
"A loyal Doberman dog, splashing through a shallow river in a dense jungle, rendered in cyberpunk with realistic textures and dynamic composition",1
"A majestic British Shorthair cat, hunting in a misty forest at dawn, rendered in watercolor with intricate detail and soft lighting",0
"A adventurous Bulldog dog, standing proudly on a snow-covered mountain peak, rendered in digital painting with realistic textures and dynamic composition",1
"A elegant British Shorthair cat, hunting in a misty forest at dawn, rendered in photo-realistic with intricate detail and soft lighting",0
"A adventurous Golden Retriever dog, standing proudly on a snow-covered mountain peak, rendered in digital painting with realistic textures and dynamic composition",1
"A elegant Siamese cat, curled up in a hammock hanging between two cherry blossom trees, rendered in oil painting with intricate detail and soft lighting",0
"A protective Poodle dog, playing with children in a suburban backyard on a sunny day, rendered in oil painting with realistic textures and dynamic composition",1
"A majestic Sphynx cat, curled up in a hammock hanging between two cherry blossom trees, rendered in watercolor with intricate detail and soft lighting",0
"A friendly Poodle dog, playing with children in a suburban backyard on a sunny day, rendered in digital painting with realistic textures and dynamic composition",1
"A majestic Bengal cat, hunting in a misty forest at dawn, rendered in oil painting with intricate detail and soft lighting",0
"A alert Golden Retriever dog, resting beside a cozy log cabin surrounded by autumn leaves, rendered in cyberpunk with realistic textures and dynamic composition",1
"A mysterious Persian cat, curled up in a hammock hanging between two cherry blossom trees, rendered in digital painting with intricate detail and soft lighting",0
"A loyal German Shepherd dog, standing proudly on a snow-covered mountain peak, rendered in cyberpunk with realistic textures and dynamic composition",1
"A playful Sphynx cat, hunting in a misty forest at dawn, rendered in oil painting with intricate detail and soft lighting",0
"A adventurous Bulldog dog, resting beside a cozy log cabin surrounded by autumn leaves, rendered in anime style with realistic textures and dynamic composition",1
"A sleepy Persian cat, perched on a bookshelf surrounded by old leather-bound books, rendered in anime style with intricate detail and soft lighting",0
"A loyal Doberman dog, running through a field of tall golden grass during sunset, rendered in anime style with realistic textures and dynamic composition",1
"A majestic Siamese cat, curled up in a hammock hanging between two cherry blossom trees, rendered in photo-realistic with intricate detail and soft lighting",0
"A alert German Shepherd dog, resting beside a cozy log cabin surrounded by autumn leaves, rendered in cyberpunk with realistic textures and dynamic composition",1
"A sleepy British Shorthair cat, perched on a bookshelf surrounded by old leather-bound books, rendered in watercolor with intricate detail and soft lighting",0
"A alert Siberian Husky dog, running through a field of tall golden grass during sunset, rendered in cyberpunk with realistic textures and dynamic composition",1
"A elegant Maine Coon cat, sitting on a Victorian armchair in a sunlit room, rendered in anime style with intricate detail and soft lighting",0
"A loyal Siberian Husky dog, splashing through a shallow river in a dense jungle, rendered in digital painting with realistic textures and dynamic composition",1
"A mysterious Siamese cat, walking gracefully along a garden path filled with lavender, rendered in digital painting with intricate detail and soft lighting",0
"A adventurous Siberian Husky dog, playing with children in a suburban backyard on a sunny day, rendered in digital painting with realistic textures and dynamic composition",1
"A serene Persian cat, walking gracefully along a garden path filled with lavender, rendered in photo-realistic with intricate detail and soft lighting",0
"A friendly Doberman dog, playing with children in a suburban backyard on a sunny day, rendered in cyberpunk with realistic textures and dynamic composition",1
"A serene Persian cat, curled up in a hammock hanging between two cherry blossom trees, rendered in anime style with intricate detail and soft lighting",0
"A energetic Bulldog dog, sitting obediently by a lakeside campfire under starry skies, rendered in cyberpunk with realistic textures and dynamic composition",1
"A sleepy Sphynx cat, perched on a bookshelf surrounded by old leather-bound books, rendered in digital painting with intricate detail and soft lighting",0
"A energetic German Shepherd dog, splashing through a shallow river in a dense jungle, rendered in cyberpunk with realistic textures and dynamic composition",1
"A mysterious Sphynx cat, sitting on a Victorian armchair in a sunlit room, rendered in cyberpunk with intricate detail and soft lighting",0
"A protective Bulldog dog, standing proudly on a snow-covered mountain peak, rendered in photo-realistic with realistic textures and dynamic composition",1
"A serene Siamese cat, curled up in a hammock hanging between two cherry blossom trees, rendered in anime style with intricate detail and soft lighting",0
"A adventurous German Shepherd dog, playing with children in a suburban backyard on a sunny day, rendered in digital painting with realistic textures and dynamic composition",1
"A playful Siamese cat, sitting on a Victorian armchair in a sunlit room, rendered in anime style with intricate detail and soft lighting",0
"A loyal Doberman dog, sitting obediently by a lakeside campfire under starry skies, rendered in digital painting with realistic textures and dynamic composition",1
"A elegant Sphynx cat, sitting on a Victorian armchair in a sunlit room, rendered in anime style with intricate detail and soft lighting",0
"A protective Bulldog dog, running through a field of tall golden grass during sunset, rendered in watercolor with realistic textures and dynamic composition",1
"A majestic British Shorthair cat, lounging on a plush velvet cushion in front of a roaring fireplace, rendered in photo-realistic with intricate detail and soft lighting",0
"A friendly Doberman dog, playing with children in a suburban backyard on a sunny day, rendered in watercolor with realistic textures and dynamic composition",1
"A majestic Persian cat, walking gracefully along a garden path filled with lavender, rendered in watercolor with intricate detail and soft lighting",0
"A loyal German Shepherd dog, standing proudly on a snow-covered mountain peak, rendered in watercolor with realistic textures and dynamic composition",1
"A playful Bengal cat, sitting on a Victorian armchair in a sunlit room, rendered in photo-realistic with intricate detail and soft lighting",0
"A adventurous Bulldog dog, running through a field of tall golden grass during sunset, rendered in oil painting with realistic textures and dynamic composition",1
"A sleepy Siamese cat, perched on a bookshelf surrounded by old leather-bound books, rendered in cyberpunk with intricate detail and soft lighting",0
"A alert Doberman dog, running through a field of tall golden grass during sunset, rendered in photo-realistic with realistic textures and dynamic composition",1
"A elegant British Shorthair cat, perched on a bookshelf surrounded by old leather-bound books, rendered in watercolor with intricate detail and soft lighting",0
"A friendly Poodle dog, playing with children in a suburban backyard on a sunny day, rendered in photo-realistic with realistic textures and dynamic composition",1
"A majestic British Shorthair cat, walking gracefully along a garden path filled with lavender, rendered in digital painting with intricate detail and soft lighting",0
"A loyal Doberman dog, sitting obediently by a lakeside campfire under starry skies, rendered in watercolor with realistic textures and dynamic composition",1
"A sleepy Persian cat, perched on a bookshelf surrounded by old leather-bound books, rendered in photo-realistic with intricate detail and soft lighting",0
"A energetic Bulldog dog, running through a field of tall golden grass during sunset, rendered in anime style with realistic textures and dynamic composition",1
"A playful Bengal cat, perched on a bookshelf surrounded by old leather-bound books, rendered in cyberpunk with intricate detail and soft lighting",0
"A alert Siberian Husky dog, standing proudly on a snow-covered mountain peak, rendered in photo-realistic with realistic textures and dynamic composition",1
"A mysterious Siamese cat, lounging on a plush velvet cushion in front of a roaring fireplace, rendered in photo-realistic with intricate detail and soft lighting",0
"A friendly German Shepherd dog, resting beside a cozy log cabin surrounded by autumn leaves, rendered in anime style with realistic textures and dynamic composition",1
"A serene British Shorthair cat, sitting on a Victorian armchair in a sunlit room, rendered in watercolor with intricate detail and soft lighting",0
"A friendly German Shepherd dog, standing proudly on a snow-covered mountain peak, rendered in photo-realistic with realistic textures and dynamic composition",1
"A elegant Persian cat, curled up in a hammock hanging between two cherry blossom trees, rendered in digital painting with intricate detail and soft lighting",0
"A alert Doberman dog, sitting obediently by a lakeside campfire under starry skies, rendered in cyberpunk with realistic textures and dynamic composition",1
"A elegant Bengal cat, curled up in a hammock hanging between two cherry blossom trees, rendered in anime style with intricate detail and soft lighting",0
"A alert Poodle dog, resting beside a cozy log cabin surrounded by autumn leaves, rendered in cyberpunk with realistic textures and dynamic composition",1
"A mysterious Persian cat, walking gracefully along a garden path filled with lavender, rendered in photo-realistic with intricate detail and soft lighting",0
"A adventurous Poodle dog, playing with children in a suburban backyard on a sunny day, rendered in oil painting with realistic textures and dynamic composition",1
"A serene Persian cat, perched on a bookshelf surrounded by old leather-bound books, rendered in oil painting with intricate detail and soft lighting",0
"A friendly Siberian Husky dog, sitting obediently by a lakeside campfire under starry skies, rendered in cyberpunk with realistic textures and dynamic composition",1
"A sleepy Siamese cat, sitting on a Victorian armchair in a sunlit room, rendered in anime style with intricate detail and soft lighting",0
"A loyal German Shepherd dog, splashing through a shallow river in a dense jungle, rendered in watercolor with realistic textures and dynamic composition",1
"A serene British Shorthair cat, curled up in a hammock hanging between two cherry blossom trees, rendered in watercolor with intricate detail and soft lighting",0
"A adventurous Siberian Husky dog, playing with children in a suburban backyard on a sunny day, rendered in photo-realistic with realistic textures and dynamic composition",1
"A mysterious British Shorthair cat, walking gracefully along a garden path filled with lavender, rendered in watercolor with intricate detail and soft lighting",0
"A energetic Bulldog dog, resting beside a cozy log cabin surrounded by autumn leaves, rendered in cyberpunk with realistic textures and dynamic composition",1
"A majestic Siamese cat, lounging on a plush velvet cushion in front of a roaring fireplace, rendered in watercolor with intricate detail and soft lighting",0
"A friendly Bulldog dog, playing with children in a suburban backyard on a sunny day, rendered in cyberpunk with realistic textures and dynamic composition",1
"A mysterious Siamese cat, hunting in a misty forest at dawn, rendered in oil painting with intricate detail and soft lighting",0
"A loyal Siberian Husky dog, splashing through a shallow river in a dense jungle, rendered in oil painting with realistic textures and dynamic composition",1
"A elegant British Shorthair cat, perched on a bookshelf surrounded by old leather-bound books, rendered in oil painting with intricate detail and soft lighting",0
"A alert Doberman dog, running through a field of tall golden grass during sunset, rendered in watercolor with realistic textures and dynamic composition",1
"A elegant British Shorthair cat, curled up in a hammock hanging between two cherry blossom trees, rendered in photo-realistic with intricate detail and soft lighting",0
"A alert Siberian Husky dog, running through a field of tall golden grass during sunset, rendered in watercolor with realistic textures and dynamic composition",1
"A playful Maine Coon cat, perched on a bookshelf surrounded by old leather-bound books, rendered in anime style with intricate detail and soft lighting",0
"A adventurous Bulldog dog, running through a field of tall golden grass during sunset, rendered in oil painting with realistic textures and dynamic composition",1
"A majestic Persian cat, hunting in a misty forest at dawn, rendered in cyberpunk with intricate detail and soft lighting",0
"A alert Golden Retriever dog, playing with children in a suburban backyard on a sunny day, rendered in watercolor with realistic textures and dynamic composition",1
"A elegant Persian cat, walking gracefully along a garden path filled with lavender, rendered in digital painting with intricate detail and soft lighting",0
"A adventurous Doberman dog, splashing through a shallow river in a dense jungle, rendered in digital painting with realistic textures and dynamic composition",1
"A elegant Siamese cat, hunting in a misty forest at dawn, rendered in watercolor with intricate detail and soft lighting",0
"A loyal German Shepherd dog, resting beside a cozy log cabin surrounded by autumn leaves, rendered in cyberpunk with realistic textures and dynamic composition",1
"A elegant Bengal cat, sitting on a Victorian armchair in a sunlit room, rendered in cyberpunk with intricate detail and soft lighting",0
"A protective Bulldog dog, splashing through a shallow river in a dense jungle, rendered in cyberpunk with realistic textures and dynamic composition",1
